,frame,time,Admiration,Adoration,Aesthetic Appreciation,Amusement,Anger,Anxiety,Awe,Awkwardness,Boredom,Calmness,Concentration,Confusion,Contemplation,Contempt,Contentment,Craving,Desire,Determination,Disappointment,Disgust,Distress,Doubt,Ecstasy,Embarrassment,Empathic Pain,Entrancement,Envy,Excitement,Fear,Guilt,Horror,Interest,Joy,Love,Nostalgia,Pain,Pride,Realization,Relief,Romance,Sadness,Satisfaction,Shame,Surprise (negative),Surprise (positive),Sympathy,Tiredness,Triumph
0,1818,72.72,0.06035885214805603,0.08094240725040436,0.04117736965417862,0.19629612565040588,0.05316663160920143,0.17693272233009338,0.05203014612197876,0.13677319884300232,0.18739081919193268,0.25727808475494385,0.1787218451499939,0.16310200095176697,0.12226220965385437,0.07471531629562378,0.15438205003738403,0.0353245809674263,0.06513218581676483,0.054716721177101135,0.32142502069473267,0.07711821794509888,0.35340604186058044,0.12824906408786774,0.0911782830953598,0.1542319655418396,0.16835322976112366,0.07608496397733688,0.0199706070125103,0.10738508403301239,0.10468906909227371,0.13672290742397308,0.050400879234075546,0.12574027478694916,0.19953320920467377,0.16494683921337128,0.08429571241140366,0.5088984966278076,0.06042208895087242,0.1364077478647232,0.16678118705749512,0.05763756483793259,0.4812520444393158,0.2266993522644043,0.14157119393348694,0.03542027622461319,0.025096509605646133,0.06489898264408112,0.3603699803352356,0.04504665732383728
1,4045,161.8,0.12592068314552307,0.15679052472114563,0.05914996564388275,0.41555920243263245,0.05257454514503479,0.1355750411748886,0.08829807490110397,0.17764168977737427,0.1319129914045334,0.21633675694465637,0.14841367304325104,0.1836613118648529,0.09505678713321686,0.08143110573291779,0.19234243035316467,0.037376806139945984,0.05768435448408127,0.05871998518705368,0.23610255122184753,0.06319521367549896,0.235536590218544,0.13157686591148376,0.12064728140830994,0.17731690406799316,0.10272759199142456,0.08189289271831512,0.02630564570426941,0.234287828207016,0.08707693219184875,0.09339401125907898,0.0494174100458622,0.2118903547525406,0.4015518128871918,0.2913546562194824,0.08247796446084976,0.25716540217399597,0.1015104278922081,0.1589764952659607,0.18477670848369598,0.08276072144508362,0.22425192594528198,0.27926239371299744,0.104789137840271,0.04496479779481888,0.04861496761441231,0.0667991191148758,0.19906628131866455,0.07780541479587555
2,4610,184.4,0.12991395592689514,0.1457480788230896,0.06374640762805939,0.38004493713378906,0.08057444542646408,0.15267731249332428,0.10083334892988205,0.19170166552066803,0.1883450299501419,0.2456067055463791,0.1995832473039627,0.23996341228485107,0.11946374177932739,0.10600130259990692,0.189367413520813,0.045799072831869125,0.07167501747608185,0.08096344769001007,0.2642417848110199,0.08186967670917511,0.24774573743343353,0.1757132112979889,0.1121957004070282,0.15351086854934692,0.10552893579006195,0.09137366712093353,0.03224961832165718,0.22900202870368958,0.10566051304340363,0.09092170745134354,0.062234651297330856,0.24574965238571167,0.36351868510246277,0.26182863116264343,0.07677856087684631,0.24800685048103333,0.1042688637971878,0.15903887152671814,0.15795451402664185,0.07849724590778351,0.22757476568222046,0.2755313217639923,0.09465175867080688,0.05861785635352135,0.06105934455990791,0.06380017101764679,0.21518370509147644,0.08258312195539474
3,4620,184.8,0.09463159739971161,0.11230970919132233,0.051911287009716034,0.25058940052986145,0.06035233289003372,0.20403394103050232,0.07514186948537827,0.17177121341228485,0.20722205936908722,0.25777360796928406,0.19928699731826782,0.23480923473834991,0.1427726149559021,0.0857515037059784,0.16401228308677673,0.03910855948925018,0.06749015301465988,0.06736356019973755,0.34726497530937195,0.06244910508394241,0.3455880284309387,0.1759340465068817,0.08914418518543243,0.19210843741893768,0.12139289081096649,0.08388933539390564,0.023922234773635864,0.1367853581905365,0.1063377633690834,0.13314422965049744,0.05134613439440727,0.1724199801683426,0.23975592851638794,0.2068781554698944,0.07940829545259476,0.3135032653808594,0.07800415903329849,0.17820021510124207,0.20982792973518372,0.07464831322431564,0.30416423082351685,0.2369568794965744,0.13536521792411804,0.0461890771985054,0.04056711494922638,0.059339649975299835,0.34072738885879517,0.05550263449549675
4,4622,184.88,0.12255269289016724,0.15180718898773193,0.06127999722957611,0.34115535020828247,0.05986879765987396,0.15499430894851685,0.08579851686954498,0.16446632146835327,0.17914754152297974,0.26013699173927307,0.17220792174339294,0.21446575224399567,0.11509320139884949,0.08822979032993317,0.20485204458236694,0.039776526391506195,0.07562414556741714,0.06557042896747589,0.2591339349746704,0.06304175406694412,0.26936015486717224,0.15035602450370789,0.12213956564664841,0.15197424590587616,0.10408364236354828,0.08984746038913727,0.025702835991978645,0.198683500289917,0.09505639225244522,0.09272949397563934,0.05009998008608818,0.20364105701446533,0.3572804629802704,0.2832275927066803,0.08377213031053543,0.2822807729244232,0.09963086247444153,0.161258727312088,0.22219616174697876,0.08567292988300323,0.23834890127182007,0.3120291233062744,0.09584629535675049,0.04324864223599434,0.04310816526412964,0.058297958225011826,0.2640264630317688,0.07861150801181793
5,4625,185.0,0.07997068762779236,0.08658543974161148,0.051915496587753296,0.17917734384536743,0.07557467371225357,0.17942799627780914,0.07838908582925797,0.1635349988937378,0.28077974915504456,0.32162949442863464,0.2589195668697357,0.2609387934207916,0.16118000447750092,0.1112983301281929,0.15390312671661377,0.0419769287109375,0.06958254426717758,0.08044037222862244,0.34761694073677063,0.08482621610164642,0.3035927414894104,0.203591451048851,0.07059723883867264,0.14166748523712158,0.12685735523700714,0.0936584323644638,0.028856871649622917,0.10263730585575104,0.10992719978094101,0.11806221306324005,0.05677422881126404,0.17624753713607788,0.16793426871299744,0.1486649513244629,0.07655581831932068,0.30257776379585266,0.0684606209397316,0.15715569257736206,0.14795604348182678,0.05696026608347893,0.3257819712162018,0.2026943564414978,0.11842840909957886,0.05356118455529213,0.04166414961218834,0.0624670535326004,0.3703053295612335,0.04672735184431076
6,4630,185.2,0.1047498807311058,0.12300155311822891,0.05787750706076622,0.3011692762374878,0.06661234050989151,0.15364879369735718,0.0877874493598938,0.16523635387420654,0.19425328075885773,0.2820322513580322,0.18770214915275574,0.2253180891275406,0.11698006093502045,0.09571827203035355,0.19701692461967468,0.04108794778585434,0.07900352030992508,0.06770891696214676,0.2743609547615051,0.07502467930316925,0.2740616500377655,0.15685498714447021,0.12039190530776978,0.13855114579200745,0.11367809027433395,0.09134979546070099,0.0261690691113472,0.18105284869670868,0.10419202595949173,0.09319135546684265,0.05756706744432449,0.19145919382572174,0.3138430416584015,0.22952428460121155,0.07979601621627808,0.30900925397872925,0.09262344241142273,0.16046182811260223,0.21956877410411835,0.07200217992067337,0.264026403427124,0.3022610545158386,0.09406974911689758,0.050908952951431274,0.047554340213537216,0.058303508907556534,0.2947733402252197,0.073680579662323
7,7358,294.32,0.13027796149253845,0.16871027648448944,0.06421948224306107,0.37160083651542664,0.05727643519639969,0.1346900910139084,0.08914497494697571,0.17321670055389404,0.15999086201190948,0.26402363181114197,0.16809622943401337,0.1907792091369629,0.10789623856544495,0.09206929802894592,0.20964322984218597,0.041903141885995865,0.07162769883871078,0.06344446539878845,0.267586350440979,0.0690571665763855,0.24196799099445343,0.14172805845737457,0.1192610040307045,0.17346055805683136,0.11043085902929306,0.09174872189760208,0.028072603046894073,0.20619913935661316,0.08729410171508789,0.09958847612142563,0.04718407616019249,0.21105626225471497,0.3690448999404907,0.31725698709487915,0.0903964415192604,0.2854231894016266,0.10167036205530167,0.16155478358268738,0.2030247151851654,0.09447873383760452,0.2655088007450104,0.3085286319255829,0.11359553039073944,0.04310105741024017,0.045136868953704834,0.06627675890922546,0.24648673832416534,0.0758475586771965
8,8470,338.8,0.10547467321157455,0.10995091497898102,0.06983678042888641,0.18993517756462097,0.07658945024013519,0.1507910192012787,0.10066722333431244,0.1647588610649109,0.24608458578586578,0.39379891753196716,0.3113243579864502,0.2522861659526825,0.18225164711475372,0.13353176414966583,0.18169590830802917,0.05720183998346329,0.10323650389909744,0.09833972156047821,0.29626691341400146,0.09602203965187073,0.2372596114873886,0.20537284016609192,0.08306838572025299,0.1230974942445755,0.10683294385671616,0.1265205293893814,0.03644450753927231,0.11225506663322449,0.10535802692174911,0.10072313249111176,0.05267174169421196,0.21904082596302032,0.1743396669626236,0.17839235067367554,0.08591200411319733,0.22412492334842682,0.08144687861204147,0.1774982213973999,0.1670151650905609,0.07646122574806213,0.2503926455974579,0.24400940537452698,0.1002710610628128,0.055790625512599945,0.04738447815179825,0.05870632082223892,0.3073681890964508,0.055249836295843124
9,8472,338.88,0.059830039739608765,0.05214882642030716,0.04596367105841637,0.08912806957960129,0.10580170899629593,0.20477129518985748,0.0634901374578476,0.188836008310318,0.27599334716796875,0.285704106092453,0.3640632927417755,0.35124000906944275,0.21786758303642273,0.17093510925769806,0.08786420524120331,0.04772017151117325,0.049004752188920975,0.10933022946119308,0.4113015830516815,0.15185029804706573,0.3125523626804352,0.30329737067222595,0.027832500636577606,0.14879049360752106,0.14523926377296448,0.09282059222459793,0.042459264397621155,0.044867467135190964,0.12105539441108704,0.1483529657125473,0.052249711006879807,0.18276605010032654,0.057638585567474365,0.06984551250934601,0.0701509565114975,0.2666304409503937,0.049247123301029205,0.15093840658664703,0.05831892788410187,0.037964511662721634,0.40785786509513855,0.08609820902347565,0.14424428343772888,0.05371365323662758,0.02859192155301571,0.06978753954172134,0.2665206491947174,0.024685321375727654
10,18388,735.52,0.17122016847133636,0.20071595907211304,0.08265192806720734,0.41283392906188965,0.05228203162550926,0.11043737828731537,0.11355312168598175,0.17490820586681366,0.16686809062957764,0.3204169273376465,0.22825486958026886,0.20174658298492432,0.13768397271633148,0.1014721691608429,0.2375410497188568,0.05229990929365158,0.0862162634730339,0.07952161878347397,0.20231282711029053,0.06348075717687607,0.16901159286499023,0.16051095724105835,0.1179916113615036,0.12626276910305023,0.08302769809961319,0.11663186550140381,0.035023126751184464,0.2369634211063385,0.08428610861301422,0.07454389333724976,0.04521571844816208,0.30379825830459595,0.4092484414577484,0.3388529419898987,0.0927540510892868,0.17053093016147614,0.11332307755947113,0.16369381546974182,0.16439048945903778,0.10219466686248779,0.18499645590782166,0.32781296968460083,0.0792086273431778,0.04620645195245743,0.05935542285442352,0.06742625683546066,0.17609739303588867,0.08139669895172119
11,18392,735.68,0.12934409081935883,0.1575082242488861,0.07624006271362305,0.2824831008911133,0.05686832591891289,0.12932217121124268,0.09528396278619766,0.16266873478889465,0.23041172325611115,0.39129215478897095,0.24060258269309998,0.20246252417564392,0.15197958052158356,0.11213700473308563,0.24102246761322021,0.05667426064610481,0.11906382441520691,0.08127331733703613,0.2494891881942749,0.07061772793531418,0.208308607339859,0.16366131603717804,0.12017343193292618,0.12176597118377686,0.09596056491136551,0.12161407619714737,0.03250378742814064,0.16389748454093933,0.0884590893983841,0.08584178239107132,0.043998777866363525,0.23182201385498047,0.293552428483963,0.2811308205127716,0.09510244429111481,0.2227359414100647,0.10029712319374084,0.16292794048786163,0.2187027782201767,0.10116535425186157,0.22741824388504028,0.3538445830345154,0.09064546227455139,0.041864678263664246,0.04257607460021973,0.05987424775958061,0.2949870228767395,0.07245144248008728
12,20140,805.6,0.10902318358421326,0.09130837023258209,0.06264517456293106,0.19715754687786102,0.13666406273841858,0.17439058423042297,0.13344022631645203,0.19082677364349365,0.21689780056476593,0.24944137036800385,0.3129849135875702,0.4038600027561188,0.1760309636592865,0.1651599407196045,0.12031994014978409,0.058161817491054535,0.0753343477845192,0.127919003367424,0.28976064920425415,0.12680292129516602,0.25363582372665405,0.282584011554718,0.06270883977413177,0.1111549586057663,0.10516159236431122,0.10815605521202087,0.04476199299097061,0.1355777233839035,0.14358437061309814,0.08500811457633972,0.08639191836118698,0.2590782940387726,0.1551799774169922,0.1236613467335701,0.06459081172943115,0.2085079699754715,0.08346424251794815,0.17887386679649353,0.09322348982095718,0.05093935504555702,0.20905755460262299,0.15738791227340698,0.07518260180950165,0.09625672549009323,0.07664604485034943,0.056348033249378204,0.20010389387607574,0.06088820844888687
13,20142,805.68,0.1236385703086853,0.10154612362384796,0.07323303073644638,0.2109142541885376,0.1325904279947281,0.15052051842212677,0.13241912424564362,0.2013472318649292,0.23106008768081665,0.32944583892822266,0.37233081459999084,0.3527728319168091,0.18695223331451416,0.18303684890270233,0.148735910654068,0.06425640732049942,0.07539340853691101,0.14173799753189087,0.27462315559387207,0.13268686830997467,0.20684874057769775,0.28105300664901733,0.060247521847486496,0.10701017081737518,0.09979495406150818,0.12162157148122787,0.05272845923900604,0.13620738685131073,0.13062015175819397,0.08252818882465363,0.07547035068273544,0.3029950261116028,0.16583211719989777,0.13654825091362,0.07139063626527786,0.16906572878360748,0.09601256996393204,0.1714617908000946,0.0904163345694542,0.05526012182235718,0.2083522528409958,0.17606213688850403,0.07410955429077148,0.0876317024230957,0.07771170884370804,0.06486731767654419,0.18163026869297028,0.06144339218735695
14,20892,835.68,0.036060430109500885,0.036120396107435226,0.025967231020331383,0.07100379467010498,0.042147547006607056,0.3871421813964844,0.0366009883582592,0.12776759266853333,0.2130836546421051,0.17480188608169556,0.3133753836154938,0.3013428747653961,0.27596545219421387,0.05432819575071335,0.058629926294088364,0.02381795272231102,0.026142923161387444,0.060825519263744354,0.46160179376602173,0.04921391233801842,0.5849718451499939,0.24995742738246918,0.022181417793035507,0.20664116740226746,0.16482871770858765,0.06084474176168442,0.01611167937517166,0.03399224951863289,0.13079111278057098,0.253772109746933,0.04561590030789375,0.11247056722640991,0.051683612167835236,0.056718070060014725,0.062469322234392166,0.37688520550727844,0.025641027837991714,0.17312674224376678,0.06791068613529205,0.03058074228465557,0.5321369171142578,0.060407187789678574,0.2114238739013672,0.03736194595694542,0.018421964719891548,0.0669337585568428,0.37500840425491333,0.012922264635562897
15,20898,835.92,0.029488258063793182,0.031004492193460464,0.021134352311491966,0.07757798582315445,0.05868314206600189,0.35963714122772217,0.038451530039310455,0.13797548413276672,0.22839054465293884,0.14863888919353485,0.18843908607959747,0.2723471522331238,0.15490105748176575,0.057276904582977295,0.0577712208032608,0.020179297775030136,0.026877127587795258,0.04850906878709793,0.5586557984352112,0.05758580565452576,0.6613462567329407,0.18919594585895538,0.03103509545326233,0.2523992657661438,0.16605646908283234,0.04830751195549965,0.013326575048267841,0.03978190943598747,0.11273884028196335,0.23653970658779144,0.049229931086301804,0.07464614510536194,0.05842495337128639,0.05482893064618111,0.05233241617679596,0.4841823875904083,0.028758130967617035,0.17024728655815125,0.11585880815982819,0.02727375365793705,0.482045441865921,0.07310512661933899,0.22878912091255188,0.04194097965955734,0.020222511142492294,0.04977543652057648,0.5600096583366394,0.0177815780043602
16,20948,837.92,0.02514081820845604,0.027576562017202377,0.018864570185542107,0.06594260036945343,0.04772636294364929,0.3273237943649292,0.031901922076940536,0.12593547999858856,0.22060422599315643,0.13971778750419617,0.18401645123958588,0.22372281551361084,0.15552367269992828,0.05383438989520073,0.0503961406648159,0.01806757226586342,0.018928827717900276,0.041914887726306915,0.5717921853065491,0.06156504526734352,0.6370970606803894,0.17224350571632385,0.02314755693078041,0.25511690974235535,0.20405597984790802,0.043817706406116486,0.013286560773849487,0.029468832537531853,0.10847506672143936,0.26489129662513733,0.04496774822473526,0.06612876057624817,0.04527753219008446,0.046601347625255585,0.058636754751205444,0.5608282685279846,0.023998748511075974,0.14946433901786804,0.0786210224032402,0.023078182712197304,0.6924464702606201,0.05558392405509949,0.2671413719654083,0.034495219588279724,0.014991198666393757,0.0634482353925705,0.5188405513763428,0.013338413089513779
17,20965,838.6,0.028301287442445755,0.03130987659096718,0.021757332608103752,0.06646241247653961,0.0473422110080719,0.31422197818756104,0.031154176220297813,0.13251452147960663,0.2594183683395386,0.17708289623260498,0.2129136323928833,0.2488890290260315,0.17393110692501068,0.06223504990339279,0.060028232634067535,0.01963997632265091,0.022550996392965317,0.0456521213054657,0.5634430050849915,0.06358582526445389,0.5970417261123657,0.19315296411514282,0.02283962070941925,0.23762457072734833,0.1907937228679657,0.04941877722740173,0.01463318057358265,0.029024967923760414,0.0997961238026619,0.25137877464294434,0.03912338241934776,0.0774921178817749,0.04909403622150421,0.053663305938243866,0.061922892928123474,0.5054864287376404,0.025719216093420982,0.14684860408306122,0.08480604737997055,0.026447292417287827,0.6501421928405762,0.06405952572822571,0.25764429569244385,0.03176058828830719,0.01422398816794157,0.0652419701218605,0.5478659868240356,0.013226820155978203
18,20968,838.72,0.028382636606693268,0.02909984067082405,0.02260373719036579,0.057329293340444565,0.05280051380395889,0.3230486512184143,0.030229264870285988,0.13413728773593903,0.2593763768672943,0.1909608393907547,0.266343355178833,0.28503209352493286,0.20851370692253113,0.06705985963344574,0.056454259902238846,0.021123455837368965,0.022992953658103943,0.0563361831009388,0.5601564645767212,0.06237402558326721,0.5696040987968445,0.2264532595872879,0.019525129348039627,0.2199837565422058,0.17048680782318115,0.05349805951118469,0.01622495800256729,0.02589407190680504,0.09424236416816711,0.25307396054267883,0.03489750996232033,0.0874001681804657,0.04062460735440254,0.04719015955924988,0.05888175219297409,0.42198964953422546,0.025671616196632385,0.15286190807819366,0.0732090175151825,0.025064844638109207,0.5698599815368652,0.05691955238580704,0.24374552071094513,0.03072921372950077,0.014095289632678032,0.06248103082180023,0.5025395154953003,0.012187204323709011
19,20978,839.12,0.03441231697797775,0.03638197109103203,0.024662679061293602,0.0904107391834259,0.0618843249976635,0.3203303813934326,0.0465526282787323,0.1431027203798294,0.25981560349464417,0.16724422574043274,0.1940305233001709,0.25197267532348633,0.14992964267730713,0.06494597345590591,0.06632969528436661,0.024743661284446716,0.03332018479704857,0.052023451775312424,0.5039763450622559,0.06940343976020813,0.5799580216407776,0.1853838860988617,0.03621375560760498,0.22661559283733368,0.17676517367362976,0.0540044903755188,0.015941139310598373,0.04833318293094635,0.12796293199062347,0.21047598123550415,0.06057543307542801,0.08439077436923981,0.0661928728222847,0.06209491938352585,0.05882691964507103,0.49455559253692627,0.03263506293296814,0.15921421349048615,0.10679840296506882,0.030101139098405838,0.5095072984695435,0.08467654138803482,0.20699335634708405,0.049432311207056046,0.025216994807124138,0.05584487318992615,0.5203924179077148,0.021506045013666153
20,20985,839.4,0.023266160860657692,0.02495872974395752,0.018286248669028282,0.057345934212207794,0.05387948080897331,0.3368399143218994,0.0282022412866354,0.12877511978149414,0.22048337757587433,0.14293459057807922,0.1961221545934677,0.2529330253601074,0.16024799644947052,0.059699974954128265,0.048112720251083374,0.018283093348145485,0.019953440874814987,0.045399997383356094,0.5677030086517334,0.0677664503455162,0.6451470851898193,0.18782106041908264,0.021130267530679703,0.24086134135723114,0.19448187947273254,0.04338134452700615,0.01375476736575365,0.026738358661532402,0.10138408839702606,0.26041755080223083,0.04111223295331001,0.06674402207136154,0.03990897908806801,0.041924409568309784,0.05497400090098381,0.5438410043716431,0.023485850542783737,0.14434316754341125,0.07346485555171967,0.021589023992419243,0.6252807974815369,0.05270714312791824,0.2566350996494293,0.03211480751633644,0.013239548541605473,0.05963340774178505,0.5085761547088623,0.012612998485565186
21,20992,839.68,0.023463236168026924,0.02630819007754326,0.017917511984705925,0.06546422094106674,0.049353376030921936,0.3337072730064392,0.03193063661456108,0.12701107561588287,0.25228703022003174,0.12990741431713104,0.16906166076660156,0.21562685072422028,0.13822466135025024,0.05188184976577759,0.047413893043994904,0.01861795037984848,0.01944439485669136,0.03947842866182327,0.5500923991203308,0.06479167193174362,0.6591535806655884,0.1617198884487152,0.023691006004810333,0.2548072934150696,0.22160965204238892,0.04211416095495224,0.013087657280266285,0.030615046620368958,0.12102334946393967,0.2624815106391907,0.05318281054496765,0.0630044937133789,0.0441293939948082,0.044726982712745667,0.0578228197991848,0.6325861215591431,0.022059036418795586,0.13465529680252075,0.06816500425338745,0.02198093757033348,0.7619860172271729,0.05240243673324585,0.2662438750267029,0.037286628037691116,0.015673311427235603,0.06449183821678162,0.533822774887085,0.012986519373953342
22,22598,903.92,0.03843596205115318,0.048415884375572205,0.026193100959062576,0.12111812084913254,0.04273100197315216,0.26995402574539185,0.04477358236908913,0.15001119673252106,0.2680903971195221,0.17873774468898773,0.18073266744613647,0.20008917152881622,0.14145490527153015,0.05741013586521149,0.07892447710037231,0.022114809602499008,0.026046382263302803,0.041312988847494125,0.5465247631072998,0.06681262701749802,0.5459640026092529,0.1594093143939972,0.03712209314107895,0.3006151020526886,0.2162984162569046,0.05498089641332626,0.01600770466029644,0.05111994966864586,0.10958573967218399,0.2532919645309448,0.05185920000076294,0.09028113633394241,0.09079591184854507,0.08937347680330276,0.07211857289075851,0.5719624757766724,0.03102252446115017,0.152109295129776,0.10097194463014603,0.03773624077439308,0.7565003633499146,0.0887988805770874,0.2924830913543701,0.04215428605675697,0.023487171158194542,0.07797788083553314,0.5363495945930481,0.018550587818026543
23,24060,962.4,0.10489670932292938,0.1026739627122879,0.06874123960733414,0.18211299180984497,0.06605557352304459,0.16518765687942505,0.09875443577766418,0.15821410715579987,0.24752427637577057,0.35161614418029785,0.3772258162498474,0.2856227457523346,0.24547705054283142,0.12015610933303833,0.15366312861442566,0.06360677629709244,0.10239847749471664,0.10711166262626648,0.27658334374427795,0.08481159806251526,0.2398562878370285,0.24531054496765137,0.0668654590845108,0.11314553022384644,0.10699376463890076,0.12669305503368378,0.036879368126392365,0.10591290146112442,0.11467798054218292,0.10509142279624939,0.05482109263539314,0.2543317675590515,0.1492527574300766,0.15330402553081512,0.08298592269420624,0.20740865170955658,0.0707373172044754,0.1819290965795517,0.11817968636751175,0.07150297611951828,0.2615779638290405,0.19730764627456665,0.09535814821720123,0.05638289824128151,0.04887868091464043,0.06426659226417542,0.25618377327919006,0.045578066259622574
24,24062,962.48,0.1266573965549469,0.14278462529182434,0.069452665746212,0.31138813495635986,0.07060433179140091,0.13779741525650024,0.10277961194515228,0.18998214602470398,0.2209959477186203,0.32391512393951416,0.2518054246902466,0.2262321561574936,0.14771872758865356,0.11719019711017609,0.1980372965335846,0.05243486911058426,0.0757373794913292,0.08661660552024841,0.2835950553417206,0.0883575975894928,0.22038501501083374,0.1903913915157318,0.08843236416578293,0.151796355843544,0.11410634964704514,0.10528287291526794,0.03699280694127083,0.1710309237241745,0.10211550444364548,0.10204555094242096,0.05596288666129112,0.2562258839607239,0.2810508608818054,0.24031788110733032,0.0863911509513855,0.23388957977294922,0.094113789498806,0.16116411983966827,0.13423413038253784,0.07950916141271591,0.28214263916015625,0.25417158007621765,0.10911456495523453,0.05584621801972389,0.05868427827954292,0.073544941842556,0.23258797824382782,0.06370128691196442
25,25095,1003.8,0.03221176192164421,0.03493795171380043,0.02431635558605194,0.07740062475204468,0.06323757022619247,0.30045342445373535,0.03373841941356659,0.14011546969413757,0.22875714302062988,0.18820643424987793,0.212020143866539,0.2755298316478729,0.16127796471118927,0.07501822710037231,0.07089544832706451,0.022140100598335266,0.030262652784585953,0.053795985877513885,0.5161181688308716,0.0752364993095398,0.5617222189903259,0.19949007034301758,0.030116282403469086,0.2086816132068634,0.16742296516895294,0.052475303411483765,0.016154533252120018,0.038459666073322296,0.09868776053190231,0.20822696387767792,0.04187215119600296,0.08530455827713013,0.06261574476957321,0.061906300485134125,0.057724785059690475,0.473034530878067,0.03304196521639824,0.14845065772533417,0.1052849292755127,0.029237214475870132,0.4812636375427246,0.08465496450662613,0.20492492616176605,0.03493570536375046,0.015989692881703377,0.05524274334311485,0.49513906240463257,0.01836135797202587
26,25228,1009.12,0.07958903908729553,0.08223752677440643,0.05041489377617836,0.1785416305065155,0.07522065192461014,0.1923879086971283,0.07661065459251404,0.17394022643566132,0.24840986728668213,0.2916630208492279,0.2726673185825348,0.2841376066207886,0.17486844956874847,0.11181800067424774,0.1372881382703781,0.04277365282177925,0.06567369401454926,0.08140203356742859,0.35615116357803345,0.0919233039021492,0.31437134742736816,0.22452203929424286,0.060168325901031494,0.15126316249370575,0.127916619181633,0.08853329718112946,0.02922739088535309,0.0989481657743454,0.11362496018409729,0.12598012387752533,0.05843488872051239,0.18282710015773773,0.15619580447673798,0.13497042655944824,0.07299134880304337,0.28994640707969666,0.06398707628250122,0.1646573692560196,0.12816230952739716,0.05436370149254799,0.32084885239601135,0.17691031098365784,0.12362488359212875,0.05684551224112511,0.04214976727962494,0.06363492459058762,0.3193581700325012,0.04179568588733673
27,25332,1013.28,0.043605268001556396,0.053897783160209656,0.029143868014216423,0.13251760601997375,0.06413969397544861,0.24119697511196136,0.041691895574331284,0.15142066776752472,0.18815016746520996,0.1929946094751358,0.14812445640563965,0.2215796560049057,0.10730905830860138,0.0773594081401825,0.10209137201309204,0.025090496987104416,0.04276404157280922,0.046920109540224075,0.4425113797187805,0.08404332399368286,0.4972226917743683,0.15245072543621063,0.05489397794008255,0.21506966650485992,0.17155559360980988,0.054511357098817825,0.016713818535208702,0.06996602565050125,0.10272359102964401,0.1743348240852356,0.04915095865726471,0.09017772972583771,0.12318556755781174,0.10619177669286728,0.06528294831514359,0.5508474707603455,0.045365042984485626,0.1446286141872406,0.15706607699394226,0.04111255705356598,0.4491020441055298,0.14346352219581604,0.18243077397346497,0.03722582757472992,0.020133210346102715,0.05414753407239914,0.44784829020500183,0.031192518770694733
28,25898,1035.92,0.03987480700016022,0.04445160925388336,0.026013439521193504,0.13259431719779968,0.08336302638053894,0.2723886966705322,0.05006679520010948,0.14708487689495087,0.15289710462093353,0.13580763339996338,0.12987293303012848,0.25466132164001465,0.0960862785577774,0.07484173029661179,0.07759710401296616,0.026173105463385582,0.03990447148680687,0.04959353059530258,0.43247753381729126,0.0913410559296608,0.5697441101074219,0.15650677680969238,0.06039400398731232,0.19348767399787903,0.19065219163894653,0.04960981011390686,0.016416426748037338,0.07808832079172134,0.13711167871952057,0.1631573736667633,0.07279105484485626,0.08402445912361145,0.11167402565479279,0.07938147336244583,0.057926662266254425,0.6594353914260864,0.04632527008652687,0.15278226137161255,0.1487150639295578,0.03182908892631531,0.46934792399406433,0.12146595120429993,0.15039479732513428,0.050719328224658966,0.025219792500138283,0.051276978105306625,0.3804643750190735,0.03684917837381363
29,26915,1076.6,0.054275818169116974,0.06195806711912155,0.03718571364879608,0.11507746577262878,0.0525776706635952,0.2611173689365387,0.04359516501426697,0.16092431545257568,0.2480805665254593,0.25005608797073364,0.28707069158554077,0.27489951252937317,0.22065606713294983,0.08413581550121307,0.100676529109478,0.03300778195261955,0.04389879107475281,0.0673399493098259,0.46811091899871826,0.07290948182344437,0.4323829710483551,0.23557725548744202,0.0347151942551136,0.21576501429080963,0.1607722043991089,0.07245539128780365,0.02304667979478836,0.052058231085538864,0.10228592157363892,0.2093714326620102,0.03946603089570999,0.14073336124420166,0.09195425361394882,0.10495438426733017,0.07454343885183334,0.36629408597946167,0.04195145517587662,0.1623278260231018,0.0951581746339798,0.04868827015161514,0.4955368936061859,0.11188623309135437,0.2115744948387146,0.03551888465881348,0.02108883485198021,0.07232275605201721,0.38165512681007385,0.02164982073009014
30,27220,1088.8,0.034683190286159515,0.04005487263202667,0.023477336391806602,0.10874135047197342,0.0702449306845665,0.29034116864204407,0.03678673505783081,0.14821302890777588,0.17981281876564026,0.15189991891384125,0.14299964904785156,0.23143282532691956,0.11111665517091751,0.06943339109420776,0.07672858238220215,0.02059871330857277,0.030908778309822083,0.04788998141884804,0.514360785484314,0.071721151471138,0.5743227601051331,0.15682025253772736,0.045529380440711975,0.2516026794910431,0.15664243698120117,0.04682165011763573,0.014447994530200958,0.0568973571062088,0.09376243501901627,0.19938716292381287,0.04411113262176514,0.07503598183393478,0.09282061457633972,0.07791008055210114,0.0554858073592186,0.5043277144432068,0.04081493243575096,0.15805929899215698,0.1554720103740692,0.03293907269835472,0.4019818902015686,0.10725805908441544,0.2080249935388565,0.03595169633626938,0.018849646672606468,0.04731208458542824,0.4873568117618561,0.027673041447997093
31,27268,1090.72,0.09689375758171082,0.13317783176898956,0.06042001396417618,0.28458431363105774,0.044388387352228165,0.11865837872028351,0.06838177144527435,0.13874782621860504,0.18953698873519897,0.3609939515590668,0.14998756349086761,0.14894740283489227,0.09421684592962265,0.08468775451183319,0.2572034001350403,0.039093978703022,0.10592930018901825,0.05363775044679642,0.23912237584590912,0.054991044104099274,0.22744452953338623,0.10489444434642792,0.16618461906909943,0.12583303451538086,0.09350141882896423,0.1001310721039772,0.020832141861319542,0.1629551202058792,0.0681270882487297,0.07959605753421783,0.03429729491472244,0.1524287611246109,0.33259519934654236,0.28718096017837524,0.09121933579444885,0.28548774123191833,0.0976630449295044,0.14931681752204895,0.3732776343822479,0.0917762964963913,0.2116014063358307,0.4354049265384674,0.09030482918024063,0.029261767864227295,0.028388677164912224,0.049607448279857635,0.3902398347854614,0.07850605994462967
32,27270,1090.8,0.03430389240384102,0.03739079833030701,0.0256786048412323,0.0922413095831871,0.07875365763902664,0.2698860764503479,0.038694046437740326,0.15769295394420624,0.2130737006664276,0.18487802147865295,0.17219112813472748,0.2714444398880005,0.12337268888950348,0.08966134488582611,0.07923145592212677,0.023519959300756454,0.03938380628824234,0.05429916828870773,0.5079387426376343,0.09091731905937195,0.514681339263916,0.18357442319393158,0.04233084246516228,0.2167627215385437,0.14734207093715668,0.052910178899765015,0.01699889451265335,0.049460992217063904,0.08974207192659378,0.17902500927448273,0.04316945746541023,0.08051145821809769,0.07647380232810974,0.06964753568172455,0.05366645008325577,0.4431036412715912,0.04032755643129349,0.15522894263267517,0.14893950521945953,0.03227974474430084,0.3525528609752655,0.10915593057870865,0.18855547904968262,0.03848276659846306,0.01921682059764862,0.045445818454027176,0.5057781934738159,0.026076065376400948
33,28120,1124.8,0.0400998592376709,0.04359174892306328,0.02748870477080345,0.11109133064746857,0.07283233851194382,0.2796328365802765,0.049947191029787064,0.14900654554367065,0.21475015580654144,0.16109861433506012,0.18282602727413177,0.28103742003440857,0.13606557250022888,0.0774533823132515,0.07622488588094711,0.02625572308897972,0.038856565952301025,0.05435939133167267,0.4637601971626282,0.08906062692403793,0.5400128960609436,0.19013211131095886,0.04409130662679672,0.1984320729970932,0.1784534752368927,0.054884422570466995,0.017653316259384155,0.06160709634423256,0.12688563764095306,0.17642518877983093,0.064371757209301,0.09527590870857239,0.08997918665409088,0.0759403258562088,0.05855148658156395,0.5269232392311096,0.039451949298381805,0.15525920689105988,0.11469822376966476,0.03341865539550781,0.4721534848213196,0.10379569232463837,0.1728030890226364,0.05162655934691429,0.025911711156368256,0.05582883954048157,0.43583399057388306,0.026843417435884476
34,11768,470.72,0.09561900049448013,0.1050763875246048,0.05166923627257347,0.23713277280330658,0.052082717418670654,0.20348021388053894,0.10331892967224121,0.16995392739772797,0.21629224717617035,0.2126699537038803,0.25598153471946716,0.2546004056930542,0.1852128952741623,0.07923126965761185,0.12026779353618622,0.043688513338565826,0.04928438365459442,0.06984761357307434,0.31623247265815735,0.07680272310972214,0.32050955295562744,0.2166231870651245,0.06298431754112244,0.18358685076236725,0.1578378975391388,0.09231389313936234,0.03007497265934944,0.12976513803005219,0.16013702750205994,0.14890359342098236,0.08614902198314667,0.2167903184890747,0.1874057501554489,0.16280286014080048,0.0839167907834053,0.32732313871383667,0.0562325082719326,0.17471951246261597,0.08459074795246124,0.060106061398983,0.46236392855644226,0.14224599301815033,0.1443367451429367,0.07356250286102295,0.0659201517701149,0.08760584890842438,0.23431572318077087,0.038319893181324005
35,11770,470.8,0.09555589407682419,0.10491199791431427,0.051671624183654785,0.23610173165798187,0.052033718675374985,0.2037755399942398,0.10315529257059097,0.16971248388290405,0.21647292375564575,0.21282310783863068,0.25705546140670776,0.2550301253795624,0.18615904450416565,0.07922063767910004,0.12001188099384308,0.043716464191675186,0.049260951578617096,0.07000464200973511,0.31640052795410156,0.07669342309236526,0.3207041323184967,0.21718057990074158,0.0626603364944458,0.1833675503730774,0.15772493183612823,0.09239998459815979,0.030092239379882812,0.12915338575839996,0.16003002226352692,0.1491493135690689,0.08594267070293427,0.21697893738746643,0.18648448586463928,0.1623651534318924,0.08392296731472015,0.32681408524513245,0.05611814185976982,0.17484751343727112,0.08435386419296265,0.06006602942943573,0.4624803960323334,0.14178591966629028,0.14442560076713562,0.07341641187667847,0.06573887169361115,0.08762615919113159,0.23428000509738922,0.03816729784011841
36,18518,740.72,0.1055401861667633,0.10669327527284622,0.05922992527484894,0.22341887652873993,0.04447902739048004,0.20532995462417603,0.10533832013607025,0.16142545640468597,0.20755554735660553,0.24485409259796143,0.3364464044570923,0.2703007757663727,0.25198644399642944,0.07945716381072998,0.12421026825904846,0.051532842218875885,0.0590575747191906,0.08219503611326218,0.2659152150154114,0.06582137942314148,0.2795705199241638,0.2443849891424179,0.05808218568563461,0.14318880438804626,0.1319914162158966,0.1075204387307167,0.031621962785720825,0.12140709906816483,0.16454172134399414,0.1323205530643463,0.07784528285264969,0.25723975896835327,0.17380987107753754,0.15537342429161072,0.08430638164281845,0.2376805543899536,0.056231021881103516,0.18105550110340118,0.07755456864833832,0.06255262345075607,0.3732016682624817,0.14433734118938446,0.11285710334777832,0.06854686141014099,0.06227746605873108,0.0842144638299942,0.1888299286365509,0.03605610877275467
37,18540,741.6,0.09596745669841766,0.10353228449821472,0.05511448532342911,0.23444584012031555,0.05412369966506958,0.18650434911251068,0.08965806663036346,0.1708100438117981,0.2263498306274414,0.25840476155281067,0.2762497067451477,0.24245120584964752,0.18656381964683533,0.08981136977672577,0.1379387527704239,0.04595370590686798,0.055609650909900665,0.07600211352109909,0.30021724104881287,0.07834317535161972,0.29052549600601196,0.21233806014060974,0.061824340373277664,0.15477041900157928,0.14475253224372864,0.09348413348197937,0.030540265142917633,0.12385877966880798,0.14204783737659454,0.13099287450313568,0.07122170925140381,0.22376702725887299,0.1910051703453064,0.16215059161186218,0.08413538336753845,0.2956429123878479,0.06338488310575485,0.16019895672798157,0.0909891352057457,0.05906496196985245,0.42133229970932007,0.1631511002779007,0.12357673048973083,0.06138846278190613,0.052565839141607285,0.08506634831428528,0.2299087941646576,0.04070861265063286
38,18558,742.32,0.1606280356645584,0.19277611374855042,0.07690617442131042,0.3625524640083313,0.04645410180091858,0.14881405234336853,0.10026505589485168,0.17366120219230652,0.1865873634815216,0.28678634762763977,0.25959357619285583,0.2309429794549942,0.1881580352783203,0.09475542604923248,0.20529405772686005,0.049467943608760834,0.07045504450798035,0.07720861583948135,0.2411419302225113,0.06836163252592087,0.23062777519226074,0.20311826467514038,0.08619841188192368,0.15019488334655762,0.1164732277393341,0.10944530367851257,0.034970346838235855,0.19059795141220093,0.11202825605869293,0.10568113625049591,0.054374970495700836,0.3055862784385681,0.338176429271698,0.3129228353500366,0.10138987749814987,0.23610074818134308,0.09268002212047577,0.1656130701303482,0.11919295787811279,0.0983690395951271,0.3140835165977478,0.2567923963069916,0.10596704483032227,0.04789284989237785,0.052055761218070984,0.08773323893547058,0.1792597472667694,0.05901402235031128
39,18560,742.4,0.11501070111989975,0.12512172758579254,0.06105872243642807,0.2843862473964691,0.052376918494701385,0.1792524755001068,0.09963352233171463,0.1783781498670578,0.20597732067108154,0.2471829503774643,0.27929753065109253,0.2537457048892975,0.19963909685611725,0.09017762541770935,0.14823687076568604,0.047503914684057236,0.057372841984033585,0.07920312881469727,0.29708248376846313,0.07355383783578873,0.279034823179245,0.22316893935203552,0.06825874745845795,0.16758477687835693,0.13699927926063538,0.09818653762340546,0.03224233165383339,0.14702923595905304,0.12926357984542847,0.1305590271949768,0.06672235578298569,0.25185224413871765,0.22870855033397675,0.19337576627731323,0.08756742626428604,0.27303001284599304,0.07211874425411224,0.1763950139284134,0.10009177774190903,0.06885619461536407,0.3846222758293152,0.1822488009929657,0.12493748962879181,0.061231695115566254,0.05908426642417908,0.08756554871797562,0.21017983555793762,0.04650043323636055
40,18565,742.6,0.1270163655281067,0.12509223818778992,0.06909593939781189,0.2814726233482361,0.06226789578795433,0.16828653216362,0.11165676265954971,0.17901620268821716,0.21189770102500916,0.27126172184944153,0.3281717002391815,0.28256741166114807,0.223187655210495,0.10453541576862335,0.15564066171646118,0.06042081490159035,0.07515173405408859,0.09986726939678192,0.2565043568611145,0.07813795655965805,0.23948505520820618,0.24873265624046326,0.07184867560863495,0.1265753209590912,0.11522942036390305,0.11017991602420807,0.03742300346493721,0.16075176000595093,0.13605202734470367,0.1053590476512909,0.07144127786159515,0.2963275909423828,0.2278411090373993,0.18404288589954376,0.08311179280281067,0.2166210412979126,0.08062853664159775,0.17513012886047363,0.09303606301546097,0.06882122904062271,0.29184457659721375,0.19612661004066467,0.09241718798875809,0.06641804426908493,0.06539265811443329,0.07874588668346405,0.17876854538917542,0.053774721920490265
41,18568,742.72,0.1441514790058136,0.15587197244167328,0.07364700734615326,0.3243657648563385,0.053609006106853485,0.1543000340461731,0.10638692229986191,0.1722303181886673,0.20082689821720123,0.2791513204574585,0.3015388548374176,0.2530786693096161,0.21265025436878204,0.09905552864074707,0.17933663725852966,0.0553908571600914,0.07121927291154861,0.09050347656011581,0.2501777112483978,0.07110413908958435,0.22936849296092987,0.22336715459823608,0.07847658544778824,0.13245804607868195,0.11551885306835175,0.11075741797685623,0.036339059472084045,0.175643652677536,0.11750161647796631,0.10470177978277206,0.059314873069524765,0.3044280707836151,0.2795410752296448,0.24019166827201843,0.09333715587854385,0.22232453525066376,0.08858431130647659,0.17221128940582275,0.10538921505212784,0.0821084976196289,0.3054704964160919,0.22553099691867828,0.097927987575531,0.0544801726937294,0.05745889991521835,0.08442633599042892,0.18054775893688202,0.05760302394628525
42,18595,743.8,0.11078453063964844,0.11936511844396591,0.06069652736186981,0.26107797026634216,0.054357703775167465,0.17613065242767334,0.09279094636440277,0.17222952842712402,0.19535714387893677,0.26136255264282227,0.2885328233242035,0.24992378056049347,0.1995232105255127,0.09406538307666779,0.15050861239433289,0.04721701145172119,0.056909751147031784,0.08125908672809601,0.2823435664176941,0.0791628435254097,0.27336665987968445,0.21991980075836182,0.06673318892717361,0.14963391423225403,0.13742627203464508,0.09903906285762787,0.03299490362405777,0.13797996938228607,0.1329856663942337,0.12479650974273682,0.06559598445892334,0.24849951267242432,0.22101226449012756,0.18645960092544556,0.08852283656597137,0.2717845141887665,0.07219263166189194,0.167269766330719,0.09487702697515488,0.06574846804141998,0.38459068536758423,0.18001911044120789,0.11543427407741547,0.05791434645652771,0.052757471799850464,0.0869651511311531,0.19852691888809204,0.045443885028362274
43,18622,744.88,0.12534593045711517,0.1373918354511261,0.06411381810903549,0.30242863297462463,0.049865592271089554,0.16699525713920593,0.11164912581443787,0.16317051649093628,0.1762048304080963,0.234913632273674,0.2704603672027588,0.22651375830173492,0.19679756462574005,0.08414093405008316,0.15153911709785461,0.04943414032459259,0.058902375400066376,0.0789395123720169,0.249883234500885,0.07055865228176117,0.2503494620323181,0.20090514421463013,0.07958082854747772,0.14774958789348602,0.12699081003665924,0.1040407121181488,0.03288637846708298,0.16823795437812805,0.13943293690681458,0.11775356531143188,0.07269710302352905,0.26278436183929443,0.25511130690574646,0.2104531079530716,0.0904955118894577,0.25056034326553345,0.07492177933454514,0.17443299293518066,0.09617511928081512,0.07212112098932266,0.3476715385913849,0.19068142771720886,0.11075550317764282,0.06307465583086014,0.06521269679069519,0.08467767387628555,0.177822083234787,0.05231454595923424
44,20650,826.0,0.19611506164073944,0.23942068219184875,0.08184488862752914,0.5770175457000732,0.045036520808935165,0.10772227495908737,0.1391415148973465,0.17299427092075348,0.12779976427555084,0.2142774760723114,0.1792602837085724,0.17387714982032776,0.11420626938343048,0.07988180965185165,0.21769307553768158,0.05282621830701828,0.07882989943027496,0.06813622266054153,0.14962738752365112,0.060031794011592865,0.15646576881408691,0.13185469806194305,0.15407465398311615,0.13358034193515778,0.08027666062116623,0.10998792201280594,0.03351926803588867,0.3626359701156616,0.10425254702568054,0.06570906192064285,0.06341615319252014,0.3318777084350586,0.5449312925338745,0.41130203008651733,0.08968494832515717,0.17043717205524445,0.11305035650730133,0.1521390825510025,0.12609662115573883,0.11265025287866592,0.16982771456241608,0.3195434510707855,0.07236045598983765,0.05588756874203682,0.07898461073637009,0.07018344849348068,0.11783353239297867,0.09656214714050293
45,18770,750.8,0.06045352295041084,0.06829249113798141,0.03797288239002228,0.17159299552440643,0.11185440421104431,0.20470239222049713,0.060593921691179276,0.1704738736152649,0.17664381861686707,0.1783100813627243,0.1808149218559265,0.270986407995224,0.11582700163125992,0.12291993945837021,0.1052561104297638,0.036027632653713226,0.0505843348801136,0.07116179168224335,0.35906684398651123,0.15149277448654175,0.3965100944042206,0.1879892498254776,0.06151270866394043,0.15937116742134094,0.17829811573028564,0.06591199338436127,0.028374888002872467,0.10311219096183777,0.13299061357975006,0.13089945912361145,0.07419746369123459,0.1380457729101181,0.15129537880420685,0.12001336365938187,0.06674797832965851,0.5124943256378174,0.061596985906362534,0.1329042911529541,0.09445035457611084,0.04311016947031021,0.426637202501297,0.14527101814746857,0.13117486238479614,0.05511833354830742,0.031236235052347183,0.0617348738014698,0.2516360878944397,0.04560587555170059
46,19472,778.88,0.06558626145124435,0.07294733077287674,0.040194615721702576,0.1943379044532776,0.06572332978248596,0.20831847190856934,0.08297064900398254,0.16484245657920837,0.2457437515258789,0.21841220557689667,0.20339259505271912,0.22853882610797882,0.13435694575309753,0.0802803635597229,0.11309411376714706,0.0345144160091877,0.04613567516207695,0.06129886955022812,0.37936830520629883,0.08086605370044708,0.3745598793029785,0.17569614946842194,0.06560397893190384,0.1910005807876587,0.16288626194000244,0.0754414051771164,0.02347646653652191,0.10922349244356155,0.1389247477054596,0.1511116772890091,0.08057700097560883,0.1444586217403412,0.16171474754810333,0.12576857209205627,0.07062967121601105,0.4057537317276001,0.05226835235953331,0.159491628408432,0.11426904052495956,0.04649314284324646,0.4495585560798645,0.1462588757276535,0.15774264931678772,0.07024835050106049,0.05283796414732933,0.06936156749725342,0.3619643747806549,0.03852829709649086
47,19920,796.8,0.06639792025089264,0.06300653517246246,0.04313140735030174,0.14489082992076874,0.0908440575003624,0.2108514904975891,0.07820788025856018,0.17063936591148376,0.22901351749897003,0.23668964207172394,0.28334757685661316,0.32236504554748535,0.17363299429416656,0.1132931113243103,0.10115604102611542,0.04009811207652092,0.051578354090452194,0.08386287093162537,0.3685002028942108,0.11278709024190903,0.3500443994998932,0.24274303019046783,0.04689212888479233,0.147445410490036,0.14667418599128723,0.08065588772296906,0.03001917339861393,0.08546286076307297,0.1337192952632904,0.13403508067131042,0.07232844084501266,0.16960224509239197,0.1158549040555954,0.097374826669693,0.06473095715045929,0.3340890109539032,0.05343297868967056,0.15934646129608154,0.08822628855705261,0.04098571464419365,0.3670365810394287,0.12392519414424896,0.12396373599767685,0.06883997470140457,0.04503095522522926,0.0645192563533783,0.2861522436141968,0.03472379595041275
48,20085,803.4,0.05644327029585838,0.059502456337213516,0.03470528498291969,0.18613845109939575,0.11276105791330338,0.20147809386253357,0.07202445715665817,0.16160400211811066,0.15758919715881348,0.15085093677043915,0.16418345272541046,0.2534033954143524,0.10174769163131714,0.10069689899682999,0.09198147803544998,0.03428516536951065,0.043270044028759,0.06897342205047607,0.3468209505081177,0.12885834276676178,0.3975818455219269,0.17232680320739746,0.06706790626049042,0.1512048840522766,0.17996495962142944,0.0609106719493866,0.025219328701496124,0.11969749629497528,0.14991822838783264,0.12616881728172302,0.09373355656862259,0.13034501671791077,0.1552419364452362,0.09987111389636993,0.06083959341049194,0.5285719037055969,0.060023147612810135,0.1382366418838501,0.09337630122900009,0.03456233814358711,0.4332614541053772,0.1329825073480606,0.11742699891328812,0.06919780373573303,0.04283824563026428,0.06090989708900452,0.2400561422109604,0.0494040846824646
49,21000,840.0,0.021846191957592964,0.022429365664720535,0.015299487859010696,0.07879377156496048,0.058691564947366714,0.3677162230014801,0.04828384518623352,0.13251158595085144,0.20262329280376434,0.08722025901079178,0.12177346646785736,0.2079736590385437,0.10304927825927734,0.04502458870410919,0.03787529096007347,0.017398806288838387,0.018870145082473755,0.03647767752408981,0.573931872844696,0.06245928257703781,0.7237131595611572,0.14378219842910767,0.03175888583064079,0.3028559386730194,0.1986987143754959,0.03766140341758728,0.011058727279305458,0.04178981855511665,0.14552104473114014,0.24631446599960327,0.0815657377243042,0.05270475521683693,0.04704545810818672,0.038252513855695724,0.04589242860674858,0.5907787680625916,0.022216465324163437,0.16317486763000488,0.08606702834367752,0.019473956897854805,0.5838562846183777,0.05122377350926399,0.2598457932472229,0.06498435139656067,0.028260258957743645,0.05015698820352554,0.5651214122772217,0.01762801967561245
50,24192,967.68,0.09681957960128784,0.09875170141458511,0.056501708924770355,0.21159645915031433,0.09510540217161179,0.18280315399169922,0.09033288061618805,0.1928282082080841,0.2481999695301056,0.27281680703163147,0.27682098746299744,0.29567867517471313,0.1686864048242569,0.13183622062206268,0.14131605625152588,0.04703721031546593,0.06156492605805397,0.09580887109041214,0.35765644907951355,0.10739641636610031,0.2930683195590973,0.23778125643730164,0.06133993715047836,0.16003775596618652,0.1283007264137268,0.09309637546539307,0.036780696362257004,0.11966168135404587,0.118444062769413,0.12237003445625305,0.06278211623430252,0.22066819667816162,0.18329937756061554,0.15825900435447693,0.07537145912647247,0.2731279134750366,0.07876069843769073,0.16247940063476562,0.10686620324850082,0.059749357402324677,0.32021820545196533,0.17510944604873657,0.12434016168117523,0.0629398301243782,0.05030982568860054,0.06954256445169449,0.2661963701248169,0.05129367485642433
51,24220,968.8,0.07718440890312195,0.09125620126724243,0.05178755521774292,0.17286746203899384,0.056855473667383194,0.174363911151886,0.058645859360694885,0.15389591455459595,0.21417956054210663,0.3029422461986542,0.2604523301124573,0.2497016340494156,0.18097050487995148,0.10454964637756348,0.15105368196964264,0.04419953003525734,0.07748428732156754,0.07327808439731598,0.31338709592819214,0.08655469864606857,0.3013056218624115,0.20300330221652985,0.0647956058382988,0.14058448374271393,0.1319415271282196,0.0928180068731308,0.027508893981575966,0.09034419059753418,0.09925252944231033,0.12467405200004578,0.04325275868177414,0.18049366772174835,0.1587914377450943,0.16138407588005066,0.08155908435583115,0.32094594836235046,0.06203906238079071,0.15134909749031067,0.12961150705814362,0.06493726372718811,0.34990382194519043,0.1989067643880844,0.12276240438222885,0.03751961514353752,0.026867369189858437,0.06550491601228714,0.30119290947914124,0.039013639092445374
52,24988,999.52,0.09945066273212433,0.09481072425842285,0.057426564395427704,0.24929113686084747,0.13318251073360443,0.16070856153964996,0.11076237261295319,0.19240441918373108,0.20579224824905396,0.24356678128242493,0.24894686043262482,0.29235148429870605,0.13487447798252106,0.1492878496646881,0.140937939286232,0.05103053152561188,0.06906069070100784,0.10382526367902756,0.2971680462360382,0.14179274439811707,0.26259705424308777,0.21716533601284027,0.08050738275051117,0.12571629881858826,0.12360171973705292,0.09234468638896942,0.03999386727809906,0.16527466475963593,0.1342485249042511,0.09205673635005951,0.08657529950141907,0.22445006668567657,0.2158261388540268,0.14939793944358826,0.06627188622951508,0.27665743231773376,0.08867252618074417,0.1561388373374939,0.10444135218858719,0.05182451754808426,0.2576885223388672,0.19299405813217163,0.08833238482475281,0.08289192616939545,0.06961443275213242,0.06023140251636505,0.20692019164562225,0.06959031522274017
53,2182,87.28,0.13800877332687378,0.15311624109745026,0.06630164384841919,0.3673969805240631,0.04706261307001114,0.18083977699279785,0.132003054022789,0.19215163588523865,0.21525758504867554,0.24696609377861023,0.22774742543697357,0.22890526056289673,0.14539819955825806,0.07785055786371231,0.1716509312391281,0.043679140508174896,0.05776774883270264,0.0658959299325943,0.24480488896369934,0.062290411442518234,0.24894379079341888,0.1823786497116089,0.09381507337093353,0.18784135580062866,0.11029145121574402,0.10432995110750198,0.03095613420009613,0.205458864569664,0.14781811833381653,0.10829529911279678,0.08407366275787354,0.2659232020378113,0.32258570194244385,0.24838170409202576,0.08547717332839966,0.206861212849617,0.07549726217985153,0.17717263102531433,0.12079353630542755,0.08259345591068268,0.2671935260295868,0.2105712890625,0.11370849609375,0.08110405504703522,0.08899590373039246,0.0788254588842392,0.2040167897939682,0.05469055846333504
54,2215,88.6,0.1015954464673996,0.11226602643728256,0.05477029085159302,0.32717904448509216,0.0470229797065258,0.1839165985584259,0.1179395243525505,0.1799321174621582,0.20329220592975616,0.2169211208820343,0.2040397971868515,0.2110060155391693,0.13437408208847046,0.07081004977226257,0.14667275547981262,0.044359248131513596,0.06328092515468597,0.061540063470602036,0.24893777072429657,0.062361884862184525,0.26893821358680725,0.16493849456310272,0.10374593734741211,0.17802925407886505,0.11516512185335159,0.0973019078373909,0.026234395802021027,0.19091065227985382,0.1473223716020584,0.11023758351802826,0.08797843009233475,0.21408191323280334,0.27334097027778625,0.1930631846189499,0.07671298831701279,0.24417652189731598,0.06511946022510529,0.17404910922050476,0.12322749942541122,0.06852459162473679,0.2763548493385315,0.20023293793201447,0.11448533087968826,0.08101797103881836,0.0818285271525383,0.0706830769777298,0.2350742518901825,0.05397826060652733
55,2218,88.72,0.12031146883964539,0.10443221777677536,0.06495194137096405,0.2667349874973297,0.04603339731693268,0.20033606886863708,0.17880751192569733,0.1908998042345047,0.26687467098236084,0.23952163755893707,0.3022591769695282,0.34059372544288635,0.19647261500358582,0.08452106267213821,0.12200875580310822,0.05707259476184845,0.07593446969985962,0.07897794246673584,0.2251024693250656,0.06224860996007919,0.2431175261735916,0.26091980934143066,0.07614915072917938,0.1374940723180771,0.09568550437688828,0.12340835481882095,0.03297048062086105,0.16801384091377258,0.19271385669708252,0.09243062138557434,0.1157432273030281,0.2932838499546051,0.1878069043159485,0.14330130815505981,0.07027943432331085,0.15456770360469818,0.057358961552381516,0.20389226078987122,0.09333112835884094,0.06195777654647827,0.20775774121284485,0.1552923172712326,0.08185472339391708,0.1285705268383026,0.13056258857250214,0.06898918002843857,0.21055199205875397,0.044431887567043304
56,2220,88.8,0.10205252468585968,0.10082310438156128,0.056866127997636795,0.2150065302848816,0.04574490711092949,0.25471967458724976,0.09732214361429214,0.1831185519695282,0.2660791873931885,0.2430402785539627,0.35686641931533813,0.3175930082798004,0.2574649751186371,0.08115414530038834,0.11822395771741867,0.04518149420619011,0.052943985909223557,0.08100420981645584,0.2901146411895752,0.06198481470346451,0.3065047860145569,0.27393418550491333,0.04921039566397667,0.17598198354244232,0.11884372681379318,0.10521122813224792,0.031035849824547768,0.10982605069875717,0.15706126391887665,0.14056475460529327,0.0723644345998764,0.26348596811294556,0.16246220469474792,0.1490565985441208,0.07730487734079361,0.19925792515277863,0.051768865436315536,0.183291956782341,0.07368552684783936,0.06394116580486298,0.3180880844593048,0.12657660245895386,0.12805962562561035,0.07207740843296051,0.061144620180130005,0.08155389130115509,0.2170630395412445,0.03057706169784069
57,4305,172.2,0.1541861742734909,0.17076930403709412,0.06898925453424454,0.47240209579467773,0.05204365774989128,0.1499461978673935,0.1433003544807434,0.17978043854236603,0.1617070436477661,0.20083773136138916,0.20820629596710205,0.2023371309041977,0.14274074137210846,0.07775349915027618,0.17150132358074188,0.04774210602045059,0.055569425225257874,0.07356343418359756,0.21204623579978943,0.0620085708796978,0.21722319722175598,0.16507402062416077,0.11754316091537476,0.1567123532295227,0.10903269797563553,0.10228477418422699,0.03276248276233673,0.27943164110183716,0.1337462216615677,0.09208382666110992,0.08148913085460663,0.28949078917503357,0.4025556147098541,0.26631131768226624,0.08632691204547882,0.21507206559181213,0.0970180481672287,0.17541730403900146,0.11353681981563568,0.07793572545051575,0.25858551263809204,0.23294459283351898,0.09321581572294235,0.07394825667142868,0.09552453458309174,0.0801851898431778,0.15040674805641174,0.07821112871170044
58,14395,575.8,0.11106152832508087,0.1283244639635086,0.0562816821038723,0.3981448709964752,0.07273555546998978,0.15093305706977844,0.10240469872951508,0.20039738714694977,0.17419569194316864,0.21760687232017517,0.171419158577919,0.2122320532798767,0.10196539759635925,0.09763825684785843,0.17519770562648773,0.04070658981800079,0.05501992627978325,0.06775529682636261,0.2759048044681549,0.09599202871322632,0.26647987961769104,0.1574297398328781,0.11191868036985397,0.17111721634864807,0.1350141167640686,0.0832681730389595,0.030674103647470474,0.2268897444009781,0.12253844738006592,0.10200098901987076,0.07726899534463882,0.21681371331214905,0.35369792580604553,0.2247505784034729,0.0785270631313324,0.32617267966270447,0.09497271478176117,0.15312431752681732,0.13687273859977722,0.06364571303129196,0.32205453515052795,0.24247238039970398,0.1076311320066452,0.06671854853630066,0.06650209426879883,0.07556579262018204,0.20610472559928894,0.07581240683794022
59,19938,797.52,0.105173259973526,0.12939852476119995,0.051419008523225784,0.3942639231681824,0.07037573307752609,0.16314953565597534,0.08878816664218903,0.1954594999551773,0.1633329540491104,0.1731463521718979,0.14805088937282562,0.2070252001285553,0.09550866484642029,0.09226709604263306,0.15490663051605225,0.038590461015701294,0.05215979367494583,0.06019157916307449,0.26084500551223755,0.09868592768907547,0.2867109775543213,0.15243364870548248,0.10568622499704361,0.18535904586315155,0.13885006308555603,0.0742444097995758,0.028874553740024567,0.2260735183954239,0.12846888601779938,0.10382837057113647,0.0796227678656578,0.2040562629699707,0.3516511917114258,0.23067447543144226,0.07635749876499176,0.3525872528553009,0.08638770133256912,0.13833582401275635,0.11284337937831879,0.06559409946203232,0.3301149606704712,0.21841701865196228,0.11415877938270569,0.06173022463917732,0.05653538182377815,0.07419068366289139,0.18229332566261292,0.07103939354419708
60,24558,982.32,0.06664931029081345,0.059162676334381104,0.045801714062690735,0.16255620121955872,0.10082173347473145,0.14313651621341705,0.15778504312038422,0.17018036544322968,0.2619289457798004,0.2172306478023529,0.18594053387641907,0.2608688771724701,0.09667745232582092,0.11625003814697266,0.09734919667243958,0.058019887655973434,0.12201277911663055,0.07848619669675827,0.29389214515686035,0.11528696119785309,0.250154584646225,0.16980350017547607,0.09839083254337311,0.12617582082748413,0.09739749878644943,0.10002657026052475,0.028325490653514862,0.13388340175151825,0.12435103207826614,0.07810051739215851,0.09936679154634476,0.1514294147491455,0.11356013268232346,0.09399682283401489,0.05116722732782364,0.24512673914432526,0.05617222189903259,0.17548811435699463,0.14022456109523773,0.04721067473292351,0.17717652022838593,0.18140698969364166,0.08779548853635788,0.12061421573162079,0.10023398697376251,0.03802616521716118,0.4097858667373657,0.06040937453508377
61,24560,982.4,0.08068153262138367,0.06511440873146057,0.051769353449344635,0.15954893827438354,0.1000300869345665,0.15267406404018402,0.1945744901895523,0.17857995629310608,0.2661145329475403,0.22930863499641418,0.2319832295179367,0.30389195680618286,0.12137692421674728,0.12096977978944778,0.09337370097637177,0.059338729828596115,0.10158901661634445,0.09062937647104263,0.2898152768611908,0.10563483089208603,0.23509161174297333,0.20790956914424896,0.07960685342550278,0.12934979796409607,0.0888870507478714,0.11349790543317795,0.033509377390146255,0.1299501657485962,0.1379414200782776,0.08090008795261383,0.10680025070905685,0.18856796622276306,0.10432617366313934,0.09225774556398392,0.05246094986796379,0.18075011670589447,0.055985186249017715,0.19848576188087463,0.11512671411037445,0.04769766330718994,0.1594007909297943,0.15006373822689056,0.08694258332252502,0.14549994468688965,0.1325148642063141,0.04167989268898964,0.3488020896911621,0.05386340618133545
62,24565,982.6,0.09103242307901382,0.10491841286420822,0.05896893888711929,0.19531288743019104,0.06614029407501221,0.17642563581466675,0.06633863598108292,0.1971607655286789,0.26233431696891785,0.3535088002681732,0.30018001794815063,0.24481679499149323,0.18880803883075714,0.12656016647815704,0.16503570973873138,0.05432996153831482,0.08222224563360214,0.08749276399612427,0.3772623836994171,0.09687192738056183,0.28046321868896484,0.2240162193775177,0.05684495344758034,0.18269476294517517,0.13358643651008606,0.09788937866687775,0.03482263907790184,0.0938718244433403,0.0981326550245285,0.14809711277484894,0.043369095772504807,0.2103126049041748,0.1632840633392334,0.18111193180084229,0.0857861191034317,0.2722075879573822,0.06990819424390793,0.15466931462287903,0.11531570553779602,0.07606612890958786,0.37054404616355896,0.19928179681301117,0.16027523577213287,0.04216056317090988,0.0326387882232666,0.0752505287528038,0.3053615689277649,0.03942383453249931
63,24568,982.72,0.17218844592571259,0.22633329033851624,0.08995093405246735,0.3758386969566345,0.03886336460709572,0.10184227675199509,0.07949288189411163,0.18435043096542358,0.21484139561653137,0.4860411584377289,0.2503693699836731,0.1654115617275238,0.13859188556671143,0.11209997534751892,0.3182828724384308,0.04996117949485779,0.09000115096569061,0.07292152941226959,0.22061705589294434,0.06037754938006401,0.15203727781772614,0.1458480805158615,0.09683933854103088,0.14247961342334747,0.08195244520902634,0.12136176973581314,0.034644562751054764,0.1788657009601593,0.06223449483513832,0.08223038911819458,0.02802342362701893,0.3014429211616516,0.39819765090942383,0.42187419533729553,0.10828767716884613,0.15259303152561188,0.11408346891403198,0.14212045073509216,0.18749576807022095,0.13035644590854645,0.20294207334518433,0.3871167302131653,0.09816322475671768,0.029473666101694107,0.03487349674105644,0.07932018488645554,0.232880100607872,0.06431861966848373
64,24572,982.88,0.088431715965271,0.09904004633426666,0.05247126892209053,0.22498738765716553,0.08263853192329407,0.17524921894073486,0.07596002519130707,0.2042468786239624,0.22818690538406372,0.26501286029815674,0.23583093285560608,0.3068304657936096,0.13816000521183014,0.13154634833335876,0.1436527967453003,0.04144136607646942,0.06484163552522659,0.0735853761434555,0.3509846329689026,0.12760792672634125,0.2985706925392151,0.22273556888103485,0.06297821551561356,0.17991387844085693,0.1284532994031906,0.0845228061079979,0.03284553810954094,0.11873167008161545,0.10352721065282822,0.12185773253440857,0.056320805102586746,0.20112356543540955,0.19795823097229004,0.17424914240837097,0.0698683112859726,0.29490193724632263,0.06810475885868073,0.15268345177173615,0.11934072524309158,0.0633867010474205,0.3001519739627838,0.182240828871727,0.13445906341075897,0.05671237036585808,0.04450349882245064,0.06689109653234482,0.2757840156555176,0.04470497742295265
65,26615,1064.6,0.06619304418563843,0.060383595526218414,0.046769749373197556,0.14989987015724182,0.09292681515216827,0.17021217942237854,0.10636240988969803,0.19863171875476837,0.26742228865623474,0.2518329322338104,0.2373448759317398,0.33909907937049866,0.13339489698410034,0.1441667228937149,0.10339982062578201,0.048692524433135986,0.08164609968662262,0.07989473640918732,0.3617410659790039,0.1409718543291092,0.29268473386764526,0.23470082879066467,0.060562752187252045,0.15398341417312622,0.1201070174574852,0.09279780834913254,0.032322317361831665,0.09045910835266113,0.11481320858001709,0.10459277778863907,0.07468095421791077,0.1643025279045105,0.09999511390924454,0.09216595441102982,0.05840831249952316,0.26423895359039307,0.056191980838775635,0.17775855958461761,0.13144949078559875,0.04554596543312073,0.24877005815505981,0.1452503204345703,0.11274746060371399,0.08841920644044876,0.06185045465826988,0.05231091380119324,0.3579748272895813,0.04189721494913101
